city,avg_comfort_score,checkin_date,checkout_date,rain_sum,temp,humidity,clear_slots,rain_slots,wind_speed_max,selected,city_name_,city_plus,city_lat,city_lon,city_id,hotel_name,url_hotel,address_hotel,hotel_description,lat_hotel,lon_hotel,score_hotel,price_hotel,currency_hotel,room_description,hotel_city,combined_score_hotel
Chateau du Haut Koenigsbourg,0.605,2026-09-27,2026-09-30,0.0,21.905,44.9375,2,0,2.34,1,Chateau_du_Haut_Koenigsbourg,Chateau+du+Haut+Koenigsbourg,48.249382,7.3439412,chateau-du-haut-koenigsbourg-4825-734,Spacieux duplex 1 à 6 personnes,https://www.booking.com/hotel/fr/spacieux-duplex-1-a-6-personnes.fr.html,"3 Rue de l'Église, 67600 Ebersheim, France, 67600 3 Rue de l'Église, France","L’hébergement Spacieux duplex 1 à 6 personnes offre une vue sur le jardin, à environ 19 km de ce lieu d’intérêt : Château du Haut-Kœnigsbourg.",48.30435,7.502731,9.9,250.0,EUR,"Recommandé pour votre groupe
Appartement 2 Chambres
Appartement entier • 2 chambres • 1 salon • 1 salle de bains • 1 cuisine • 130 m²
4 lits (1 lit simple, 1 très grand lit double, 1 canapé-lit, 1 grand lit double)
Séjour gratuit pour vos enfants",Ebersheim,9.9
Eguisheim,0.5825,2026-09-27,2026-09-30,0.0,22.749375,51.3125,2,0,2.49,1,Eguisheim,Eguisheim,48.0447968,7.3079618,eguisheim-4804-731,Gîte Les Bleuets,https://www.booking.com/hotel/fr/gite-les-bleuets-eguisheim.fr.html,"1er étage 7 Rue des Bleuets, 68420 Eguisheim, France, 68420 1er étage 7 Rue des Bleuets, France","Situé à Eguisheim, l’hébergement Gîte Les Bleuets met à votre disposition une connexion Wi-Fi gratuite et offre une vue sur la montagne.",48.047537,7.3124282,9.7,367.0,EUR,"Recommandé pour votre groupe
Appartement 2 Chambres
Appartement entier • 2 chambres • 1 salon • 1 salle de bains • 1 cuisine • 77 m²
4 lits (2 lits simples, 1 canapé-lit, 1 grand lit double)
Séjour gratuit pour vos enfants",Eguisheim,9.7
Chateau du Haut Koenigsbourg,0.605,2026-09-27,2026-09-30,0.0,21.905,44.9375,2,0,2.34,1,Chateau_du_Haut_Koenigsbourg,Chateau+du+Haut+Koenigsbourg,48.249382,7.3439412,chateau-du-haut-koenigsbourg-4825-734,Gîte 1 - Aux Deux Hameaux,https://www.booking.com/hotel/fr/gite-aux-deux-hameaux.fr.html,"8 Chemin de l'Église, 67220 Saint-Pierre-Bois, France, 67220 8 Chemin de l'Église, France","L’hébergement Gîte 1 - Aux Deux Hameaux offre une vue sur la montagne, à environ 14 km de ce lieu d’intérêt : Cigoland.",48.33605194091797,7.357649803161621,9.5,396.0,EUR,"Recommandé pour votre groupe
Chambre Quadruple avec Douche
2 grands lits doubles
Séjour gratuit pour 1 de vos enfants",Saint-Pierre-Bois,9.5
Chateau du Haut Koenigsbourg,0.605,2026-09-27,2026-09-30,0.0,21.905,44.9375,2,0,2.34,1,Chateau_du_Haut_Koenigsbourg,Chateau+du+Haut+Koenigsbourg,48.249382,7.3439412,chateau-du-haut-koenigsbourg-4825-734,Duplex au cœur de l’Alsace,https://www.booking.com/hotel/fr/duplex-au-coeur-de-l-alsace.fr.html,"34 Rue Langert, 67600 Muttersholtz, France, 67600 34 Rue Langert, France","L’hébergement Duplex au cœur de l’Alsace se situe à Muttersholtz, à respectivement 25 km, 28 km et 31 km de ces lieux d’intérêt : Musée Würth, Parc des...",48.2645536,7.5333957,9.3,473.0,EUR,"Recommandé pour votre groupe
Appartement 3 Chambres
Appartement entier • 3 chambres • 1 salon • 1 salle de bains • 80 m²
4 lits (1 canapé-lit, 3 grands lits doubles)
Annulation gratuite",Muttersholtz,9.3
Chateau du Haut Koenigsbourg,0.605,2026-09-27,2026-09-30,0.0,21.905,44.9375,2,0,2.34,1,Chateau_du_Haut_Koenigsbourg,Chateau+du+Haut+Koenigsbourg,48.249382,7.3439412,chateau-du-haut-koenigsbourg-4825-734,Au pied du Château,https://www.booking.com/hotel/fr/au-pied-du-chateau-orschwiller.fr.html,"Schaflager, 67600 Orschwiller, France, 67600 Schaflager, France","L’hébergement Au pied du Château se trouve à Orschwiller, à seulement 3,2 km de ce lieu d’intérêt : Château du Haut-Kœnigsbourg.",48.2484025,7.3548257,9.2,404.0,EUR,"Recommandé pour votre groupe
Appartement avec Vue sur la Montagne
Appartement entier • 2 chambres • 1 salon • 1 salle de bains • 1 cuisine • 60 m²
3 lits (2 lits doubles, 1 canapé-lit)",Orschwiller,9.2
Colmar,0.5800000000000001,2026-09-27,2026-09-30,0.0,23.5025,48.6875,2,0,2.56,1,Colmar,Colmar,48.0777517,7.3579641,colmar-4808-736,"Duplex tout équipé, proche centre-ville COLMAR, parking",https://www.booking.com/hotel/fr/duplex-colore-et-bien-equipe-proche-centre-ville-colmar.fr.html,"48 Rue du Ladhof, 68000 Colmar, France, 68000 48 Rue du Ladhof, France","L’hébergement Duplex tout équipé, proche centre-ville COLMAR, parking se situe à Colmar, à respectivement 1,4 km, 2,7 km et 3,2 km de ces lieux d’intérêt :...",48.0860711,7.3678081,9.1,402.0,EUR,"Recommandé pour votre groupe
Appartement 3 Chambres
Appartement entier • 3 chambres • 1 salle de bains • 1 cuisine • 70 m²
3 lits (1 lit simple, 2 lits doubles)",Colmar,9.1
Gorges du Verdon,0.6225,2026-09-27,2026-09-30,0.0,20.41,47.3125,4,0,4.98,1,Gorges_du_Verdon,Gorges+du+Verdon,43.7496562,6.3285616,gorges-du-verdon-4375-633,Maison de campagne 6 personnes,https://www.booking.com/hotel/fr/maison-de-campagne-6-personnes.fr.html,"990 Chemin des Palets, 83560 Saint-Julien, France, 83560 990 Chemin des Palets, France","Situé à Saint-Julien, l’hébergement Maison de campagne 6 personnes met à votre disposition une connexion Wi-Fi gratuite et offre une vue sur la montagne.",43.6901454,5.8909076,9.1,422.0,EUR,"Recommandé pour votre groupe
Maison 3 Chambres
Maison de vacances entière • 3 chambres • 1 salon • 3 salles de bains • 1 cuisine • 70 m²
4 lits (3 lits doubles, 1 canapé-lit)
Annulation gratuite",Saint-Julien,9.1
Voiron,0.5875,2026-09-27,2026-09-30,0.0,21.891875,54.0,3,0,3.76,1,Voiron,Voiron,45.3631386,5.5910751,voiron-4536-559,Voiron grande maison,https://www.booking.com/hotel/fr/voiron-grande-maison.fr.html,"33 Rue de la Tour de Criel, 38500 Voiron, France, 38500 33 Rue de la Tour de Criel, France","L’hébergement Voiron grande maison se trouve à Voiron, à 26 km de ce lieu d’intérêt : World Trade Center Grenoble.",45.3559125,5.5923532,8.9,388.0,EUR,"Recommandé pour votre groupe
Maison 3 Chambres
Maison de vacances entière • 3 chambres • 1 salon • 2 salles de bains • 1 cuisine • 110 m²
5 lits (2 lits simples, 2 lits doubles, 1 canapé-lit)",Voiron,8.9
Gorges du Verdon,0.6225,2026-09-27,2026-09-30,0.0,20.41,47.3125,4,0,4.98,1,Gorges_du_Verdon,Gorges+du+Verdon,43.7496562,6.3285616,gorges-du-verdon-4375-633,Camping Rives du Lac de Sainte Croix,https://www.booking.com/hotel/fr/camping-rives-du-lac-de-sainte-croix.fr.html,"Quartier Notre Dame - Chemin de la Blache - RD71 Camping Rives du Lac de Sainte Croix, 83630 Bauduen, France, 83630 Quartier Notre Dame - Chemin de la Blache - RD71 Camping Rives du Lac de Sainte Croix, France","Situé à Bauduen (Provence-Alpes-Côte d'Azur), l’établissement Camping Rives du Lac de Sainte Croix comprend un parking privé gratuit.",43.722453,6.181732,8.2,340.0,EUR,"Recommandé pour votre groupe
2×
Mobile Home
2 mobile homes • 4 chambres • 2 salons • 2 salles de bains • 2 cuisines
6 lits (4 lits simples, 2 lits doubles)",Bauduen,8.2
Gorges du Verdon,0.6225,2026-09-27,2026-09-30,0.0,20.41,47.3125,4,0,4.98,1,Gorges_du_Verdon,Gorges+du+Verdon,43.7496562,6.3285616,gorges-du-verdon-4375-633,Camping Le Saint Clair,https://www.booking.com/hotel/fr/le-saint-clair-moustiers-sainte-marie.fr.html,"2 Route des Salles - Aups, 04360 Moustiers-Sainte-Marie, France, 04360 2 Route des Salles - Aups, France","Situé à Moustiers-Sainte-Marie (Provence-Alpes-Côte d'Azur), l’établissement Camping Le Saint Clair propose un parking privé gratuit.",43.828238999999996,6.223991,8.1,333.0,EUR,"Recommandé pour votre groupe
1×
Mobile Home
Mobile home • 1 chambre • 1 salon • 1 salle de bains • 17 m²
1 lit double
1×
Mobile Home
Mobile home • 2 chambres • 1 salon • 1 salle de bains • 1 cuisine • 27 m²
3 lits (2 lits simples, 1 lit double)",Moustiers-Sainte-Marie,8.1
Grenoble,0.6100000000000001,2026-09-27,2026-09-30,0.0,25.2125,35.9375,3,0,2.97,1,Grenoble,Grenoble,45.1875602,5.7357819,grenoble-4519-574,Kyriad Grenoble Centre,https://www.booking.com/hotel/fr/qualityhotelgrenoble.fr.html,"116 Cours de la Libération, 38100 Grenoble, France, 38100 116 Cours de la Libération, France","Situé à Grenoble, à 200 mètres du stade Lesdiguières, le Kyriad Grenoble Centre vous accueille dans un hôtel 3 étoiles doté d'une réception ouverte 24h/24...",45.16819994402455,5.711994767189026,7.9,484.0,EUR,"Recommandé pour votre groupe
1×
Chambre Double
1 grand lit double
1×
Chambre Triple
3 lits simples
Séjour gratuit pour 1 de vos enfants",Grenoble,7.9
Gorges du Verdon,0.6225,2026-09-27,2026-09-30,0.0,20.41,47.3125,4,0,4.98,1,Gorges_du_Verdon,Gorges+du+Verdon,43.7496562,6.3285616,gorges-du-verdon-4375-633,Les Canyons du Verdon,https://www.booking.com/hotel/fr/les-canyons-du-verdon.fr.html,"Boulevard Saint Michel, 04120 Castellane, France, 04120 Boulevard Saint Michel, France","Situé dans le parc régional du Verdon, l'établissement Les Canyons du Verdon dispose d'une piscine extérieure avec chaises longues, d'un jardin et d’un...",43.85067237749856,6.508229970932007,7.8,495.0,EUR,"Recommandé pour votre groupe
1×
Chambre Double
1 lit double
Aucun prépaiement requis – Payez sur place
1×
Chambre Triple Confort
Plusieurs types de lits
Aucun prépaiement requis – Payez sur place",Castellane,7.8
Grenoble,0.6100000000000001,2026-09-27,2026-09-30,0.0,25.2125,35.9375,3,0,2.97,1,Grenoble,Grenoble,45.1875602,5.7357819,grenoble-4519-574,B&B HOTEL Grenoble Centre Alpexpo,https://www.booking.com/hotel/fr/b-amp-b-grenoble-centre-alpexpo.fr.html,"31, Avenue de l'Europe, 38100 Grenoble, France, 38100 31, Avenue de l'Europe, France","Le B&B Grenoble Centre Alpexpo est situé à Grenoble, à seulement 800 mètres d'Alpexpo.",45.158836673882,5.734435468912125,7.5,485.0,EUR,"Recommandé pour votre groupe
1×
Chambre Lits Jumeaux
2 lits simples
1×
Chambre Quadruple
3 lits (2 lits simples, 1 grand lit double)",Grenoble,7.5
Colmar,0.5800000000000001,2026-09-27,2026-09-30,0.0,23.5025,48.6875,2,0,2.56,1,Colmar,Colmar,48.0777517,7.3579641,colmar-4808-736,Unisotel Colmar Parc Des Exposition EX F1,https://www.booking.com/hotel/fr/f1-de-colmar.fr.html,"36 Avenue de la Foire aux Vins, 68000 Colmar, France, 68000 36 Avenue de la Foire aux Vins, France","L’établissement Unisotel Colmar Parc Des Exposition EX F1 vous accueille à Colmar, à respectivement 800 mètres et 3,8 km de ces lieux d’intérêt : Parc des...",48.10826,7.362704,4.3,257.0,EUR,"Recommandé pour votre groupe
2×
Chambre Triple avec Salle de Bains Commune
4 lits (2 lits doubles, 2 lits superposés)",Colmar,4.3
Voiron,0.5875,2026-09-27,2026-09-30,0.0,21.891875,54.0,3,0,3.76,1,Voiron,Voiron,45.3631386,5.5910751,voiron-4536-559,The Eighteen _ Hyper-centre - T3 de 65m² - 8 Pers.,https://www.booking.com/hotel/fr/the-eighteen-hyper-centre-t3-de-65m2-8-pers.fr.html,"18 Avenue Jean Jaurès, 38500 Voiron, France, 38500 18 Avenue Jean Jaurès, France",L’hébergement The Eighteen _ Hyper-centre - T3 de 65m² - 8 Pers.,45.367179063026,5.588694336108,9.4,511.0,EUR,"Recommandé pour votre groupe
Appartement 2 Chambres
Appartement entier • 2 chambres • 1 salon • 1 salle de bains • 1 cuisine • 65 m²
4 lits (2 canapés-lits, 2 grands lits doubles)",Voiron,-100.6
Eguisheim,0.5825,2026-09-27,2026-09-30,0.0,22.749375,51.3125,2,0,2.49,1,Eguisheim,Eguisheim,48.0447968,7.3079618,eguisheim-4804-731,"BRETZEL gîte dans maison Alsacienne, Eguisheim",https://www.booking.com/hotel/fr/bretzel-gite-dans-maison-alsacienne-eguisheim-eguisheim.fr.html,"55 Rue du Rempart Sud, 68420 Eguisheim, France, 68420 55 Rue du Rempart Sud, France","L’hébergement BRETZEL gîte dans maison Alsacienne, Eguisheim se situe à Eguisheim, à respectivement 5,7 km et 6,6 km de ces lieux d’intérêt : Gare de...",48.0418405453436,7.30485264372659,9.2,533.0,EUR,"Recommandé pour votre groupe
Appartement 2 Chambres
Appartement entier • 1 chambre • 1 salon • 1 salle de bains • 1 cuisine • 60 m²
2 lits (1 lit double, 1 canapé-lit)",Eguisheim,-320.8
Colmar,0.5800000000000001,2026-09-27,2026-09-30,0.0,23.5025,48.6875,2,0,2.56,1,Colmar,Colmar,48.0777517,7.3579641,colmar-4808-736,ibis Colmar Est - Hotel Restaurant en Alsace,https://www.booking.com/hotel/fr/ibis-colmar-horbourg-wihr.fr.html,"13, Route De Neuf-Brisach - Horbourg Wihr, 68180 Colmar, France, 68180 13, Route De Neuf-Brisach - Horbourg Wihr, France","L'établissement ibis Colmar East - Hotel Brasserie en Alsace est situé à 5 km de la route des vins d'Alsace et à 10 km de Kaysersberg, Riquewihr et...",48.07790332424113,7.402797639369965,7.4,560.0,EUR,"Recommandé pour votre groupe
1×
Chambre Lits Jumeaux Standard
1 lit simple
Annulation gratuite
Aucun prépaiement requis – Payez sur place
1×
Chambre Standard avec 1 Lit Double et 1 Lit Simple
2 lits (1 lit simple, 1 lit double)
Annulation gratuite
Aucun prépaiement requis – Payez sur place",Colmar,-592.6
Grenoble,0.6100000000000001,2026-09-27,2026-09-30,0.0,25.2125,35.9375,3,0,2.97,1,Grenoble,Grenoble,45.1875602,5.7357819,grenoble-4519-574,Campanile Grenoble Centre Gare,https://www.booking.com/hotel/fr/campanile-grenoble-centre-gare.fr.html,"6 Place De La Gare, 38000 Grenoble, France, 38000 6 Place De La Gare, France","L’établissement Campanile Grenoble Centre Gare se trouve à Grenoble, à respectivement 500 mètres et 5,2 km de ces lieux d’intérêt : World Trade Center...",45.19051920530674,5.716019421815872,7.4,571.0,EUR,"Recommandé pour votre groupe
2×
Chambre Triple avec Lit Queen-Size et Lit Simple
4 lits (2 lits simples, 2 lits doubles)
Séjour gratuit pour 1 de vos enfants",Grenoble,-702.6
Voiron,0.5875,2026-09-27,2026-09-30,0.0,21.891875,54.0,3,0,3.76,1,Voiron,Voiron,45.3631386,5.5910751,voiron-4536-559,Hôtel Le Palladior Voiron,https://www.booking.com/hotel/fr/best-western-palladior.fr.html,"4 Rue A. Bouffard Roupé, 38500 Voiron, France, 38500 4 Rue A. Bouffard Roupé, France","Situé à Voiron, en Isère, à proximité de l'autoroute A48, l'Hôtel Le Palladior Voiron dispose d'un restaurant (fermé le samedi et le dimanche) avec...",45.34991157666767,5.569969117641449,7.7,577.0,EUR,"Recommandé pour votre groupe
1×
Chambre Double Standard
1 lit double
1×
Chambre Lit Queen-Size Supérieure avec Canapé-Lit
2 lits (1 canapé-lit, 1 grand lit double)
Séjour gratuit pour 1 de vos enfants",Voiron,-762.3
Eguisheim,0.5825,2026-09-27,2026-09-30,0.0,22.749375,51.3125,2,0,2.49,1,Eguisheim,Eguisheim,48.0447968,7.3079618,eguisheim-4804-731,Hotel SPA Restaurant Husseren Collections - Proche Colmar - Eguisheim,https://www.booking.com/hotel/fr/husseren-les-chateaux.fr.html,"Rue du Schlossberg, 68420 Eguisheim, France, 68420 Rue du Schlossberg, France","Entouré de vignobles et d’une forêt, l’Hotel SPA Restaurant Husseren Collections - Proche Colmar - Eguisheim est situé au pied des vestiges de 3 châteaux,...",48.0349876742797,7.27613836526871,8.9,578.0,EUR,"Recommandé pour votre groupe
Chambre Familiale en Duplex avec Terrasse - Accès au Spa Inclus
3 lits (2 lits superposés, 1 grand lit double)
Séjour gratuit pour vos enfants",Eguisheim,-771.1
Eguisheim,0.5825,2026-09-27,2026-09-30,0.0,22.749375,51.3125,2,0,2.49,1,Eguisheim,Eguisheim,48.0447968,7.3079618,eguisheim-4804-731,La Maison du Rempart,https://www.booking.com/hotel/fr/la-maison-du-rempart-eguisheim1.fr.html,"43 Rue du Rempart Sud, 68420 Eguisheim, France, 68420 43 Rue du Rempart Sud, France","L’hébergement La Maison du Rempart se situe à Eguisheim, dans la région Alsace. Il comprend un patio.",48.041722025197,7.305603704299,9.4,581.0,EUR,"Recommandé pour votre groupe
Appartement 2 Chambres
Appartement entier • 2 chambres • 1 salon • 3 salles de bains • 1 cuisine • 85 m²
3 lits (1 lit double, 1 lit superposé, 1 grand lit double)",Eguisheim,-800.6
Grenoble,0.6100000000000001,2026-09-27,2026-09-30,0.0,25.2125,35.9375,3,0,2.97,1,Grenoble,Grenoble,45.1875602,5.7357819,grenoble-4519-574,greet Grenoble Centre Gare Accor Hotel,https://www.booking.com/hotel/fr/ha-tel-des-alpes.fr.html,"45 avenue Felix Vialet, 38000 Grenoble, France, 38000 45 avenue Felix Vialet, France","Situé à Grenoble, l'Hôtel des Alpes se trouve à 220 mètres de la gare et à 120 mètres de l'arrêt Gares Tramway.",45.190446523564894,5.716857947409153,8.2,588.0,EUR,"Recommandé pour votre groupe
1×
Chambre POP 2 Lits Simples
2 lits simples
1×
Chambre Double Standard avec Lit Simple
2 lits (1 lit simple, 1 lit double)",Grenoble,-871.8
Annecy,0.6,2026-09-27,2026-09-30,0.0,21.556874999999998,49.9375,2,0,1.73,1,Annecy,Annecy,45.8992348,6.1288847,annecy-4590-613,Premiere Classe Annecy Cran-Gevrier RÉNOVÉ EN 2025,https://www.booking.com/hotel/fr/premiere-classe-annecy-cran-gevrier.fr.html,"8, Bis Route Des Creuses, 74960 Annecy, France, 74960 8, Bis Route Des Creuses, France","Doté d’un jardin, le Première Classe Annecy Sud vous accueille à Annecy.",45.8954308,6.109846199999993,7.1,605.0,EUR,"Recommandé pour votre groupe
1×
Chambre Lits Jumeaux
2 lits simples
Petit-déjeuner compris
1×
Chambre Quadruple avec 1 Lit Double et 2 Lits Simples
3 lits (2 lits simples, 1 lit double)
Séjour gratuit pour vos enfants
Petit-déjeuner compris",Annecy,-1042.9
Eguisheim,0.5825,2026-09-27,2026-09-30,0.0,22.749375,51.3125,2,0,2.49,1,Eguisheim,Eguisheim,48.0447968,7.3079618,eguisheim-4804-731,La Grange du Pape - Annexe de l'Hôtel La Ferme du Pape,https://www.booking.com/hotel/fr/ha-tel-restaurant-a-la-ville-de-nancy.fr.html,"13 Rue du Rempart Nord , 68920 Eguisheim, France, 68920 13 Rue du Rempart Nord, France","L’établissement La Grange du Pape - Annexe de l'Hôtel La Ferme du Pape se trouve à Eguisheim, à respectivement 6,5 km et 7 km de ces lieux d’intérêt :...",48.04349458442274,7.304390072822571,7.7,609.0,EUR,"Recommandé pour votre groupe
1×
Chambre Lits Jumeaux
2 lits simples
Aucun prépaiement requis – Payez sur place
1×
Chambre Triple
2 lits (1 lit simple, 1 lit double)
Aucun prépaiement requis – Payez sur place",Eguisheim,-1082.3
Colmar,0.5800000000000001,2026-09-27,2026-09-30,0.0,23.5025,48.6875,2,0,2.56,1,Colmar,Colmar,48.0777517,7.3579641,colmar-4808-736,ibis Budget Colmar Centre Gare,https://www.booking.com/hotel/fr/ibis-budget-colmar-centre-ville.fr.html,"15 Rue Stanislas, 68000 Colmar, France, 68000 15 Rue Stanislas, France","L'ibis budget Colmar Centre Ville vous accueille à Colmar, dans le quartier du centre-ville, à 300 mètres de la Maison des Têtes et à 600 mètres de la...",48.079697589205196,7.352361588954864,7.2,622.0,EUR,"Recommandé pour votre groupe
2×
Chambre Triple avec 1 Lit Double et 1 Lit Superposé
4 lits (2 lits simples, 2 lits doubles)
Annulation gratuite
Aucun prépaiement requis – Payez sur place",Colmar,-1212.8
Annecy,0.6,2026-09-27,2026-09-30,0.0,21.556874999999998,49.9375,2,0,1.73,1,Annecy,Annecy,45.8992348,6.1288847,annecy-4590-613,B&B HOTEL Annecy Cran-Gevrier,https://www.booking.com/hotel/fr/b-amp-b-annecy-cran-gevrier.fr.html,"16 Route de Nanfray, 74000 Annecy, France, 74000 16 Route de Nanfray, France","L’établissement B&B HOTEL Annecy Cran-Gevrier vous accueille à Annecy, à respectivement 4,7 km et 5 km de ces lieux d’intérêt : Château d'Annecy et Le...",45.892319,6.0895437,7.8,625.0,EUR,"Recommandé pour votre groupe
1×
Chambre Double
1 lit double
1×
Chambre Triple
2 lits (1 lit simple, 1 lit double)",Annecy,-1242.2
Voiron,0.5875,2026-09-27,2026-09-30,0.0,21.891875,54.0,3,0,3.76,1,Voiron,Voiron,45.3631386,5.5910751,voiron-4536-559,Best Western Voiron Centre,https://www.booking.com/hotel/fr/kyriad-voiron-chartreuse.fr.html,"72 Boulevard Becquart Castelbon, 38500 Voiron, France, 38500 72 Boulevard Becquart Castelbon, France","Le Best Western Voiron centre est situé au centre de Voiron, à 12 minutes en voiture de la zone industrielle de Centr’Alp et à seulement 9 minutes à pied...",45.362117,5.590764,8.0,811.0,EUR,"Recommandé pour votre groupe
1×
Chambre Lit King-Size Standard - Non-Fumeurs
1 très grand lit double
Annulation gratuite
Aucun prépaiement requis – Payez sur place
1×
Chambre Lit King-Size Supérieure avec Canapé-Lit - Non-Fumeurs
2 lits (1 très grand lit double, 1 canapé-lit)
Annulation gratuite
Aucun prépaiement requis – Payez sur place",Voiron,-3102.0
Gorges du Verdon,0.6225,2026-09-27,2026-09-30,0.0,20.41,47.3125,4,0,4.98,1,Gorges_du_Verdon,Gorges+du+Verdon,43.7496562,6.3285616,gorges-du-verdon-4375-633,Auberge des Salles,https://www.booking.com/hotel/fr/auberge-des-salles.fr.html,"18 Rue St Catherine, 83630 Les Salles-sur-Verdon, France, 83630 18 Rue St Catherine, France","Située aux Salles-sur-Verdon, l’Auberge des Salles propose une terrasse offrant une vue panoramique sur le lac de Sainte-Croix et le parc naturel régional...",43.77239231716274,6.208481642852803,8.7,835.0,EUR,"Recommandé pour votre groupe
1×
Chambre Double - Vue sur Village
Types de lits : 1 lit double ou 2 lits simples
Aucun prépaiement requis – Payez sur place
1×
Chambre Triple - Vue sur Lac
Plusieurs types de lits
Aucun prépaiement requis – Payez sur place",Les Salles-sur-Verdon,-3341.3
Annecy,0.6,2026-09-27,2026-09-30,0.0,21.556874999999998,49.9375,2,0,1.73,1,Annecy,Annecy,45.8992348,6.1288847,annecy-4590-613,Centre Jean XXIII,https://www.booking.com/hotel/fr/centre-jean-xxiii.fr.html,"Annecy-le-Vieux 10 Chemin du Bray, 74940 Annecy, France, 74940 Annecy-le-Vieux 10 Chemin du Bray, France","Doté d’une terrasse bien exposée, le Centre Jean XXIII se trouve à Annecy, à 1,8 km du lac et à 3 km de la vieille ville.",45.9183227,6.15250679999997,8.1,841.0,EUR,"Recommandé pour votre groupe
1×
Chambre Double Standard
1 lit double • Lit bébé gratuit toujours disponible
Séjour gratuit pour 1 de vos enfants
Petit-déjeuner compris
1×
Appartement avec Balcon
Appartement entier • 2 chambres • 1 salon • 1 salle de bains • 50 m²
3 lits (2 lits simples, 1 lit double) • Lit bébé gratuit toujours disponible",Annecy,-3401.9
Colmar,0.5800000000000001,2026-09-27,2026-09-30,0.0,23.5025,48.6875,2,0,2.56,1,Colmar,Colmar,48.0777517,7.3579641,colmar-4808-736,"Hotel L'Europe Colmar, BW Signature Collection",https://www.booking.com/hotel/fr/l-europe.fr.html,"15 route de Neuf Brisach - Horbourg Wihr, 68180 Colmar, France, 68180 15 route de Neuf Brisach - Horbourg Wihr, France","Hotel L'Europe Colmar, BW Signature Collection is located 3 km from the pretty town of Colmar and its Petite Venise district.",48.0772062173984,7.403871864080429,8.6,861.0,EUR,"Recommandé pour votre groupe
1×
Chambre Confort sans Accès au Spa
1 grand lit double
Annulation gratuite
Aucun prépaiement requis – Payez sur place
1×
Chambre Confort avec 1 Lit Queen-Size et 1 Lit Simple - Non-Fumeurs
2 lits (1 lit simple, 1 grand lit double)
Annulation gratuite
Aucun prépaiement requis – Payez sur place",Colmar,-3601.4
Annecy,0.6,2026-09-27,2026-09-30,0.0,21.556874999999998,49.9375,2,0,1.73,1,Annecy,Annecy,45.8992348,6.1288847,annecy-4590-613,Aparthotel Adagio Annecy Centre,https://www.booking.com/hotel/fr/adagio-city-aparthotel-annecy-centre.fr.html,"2 Place Marie Curie (ex- Avenue Berthollet), 74000 Annecy, France, 74000 2 Place Marie Curie (ex- Avenue Berthollet), France","Doté dune salle de sport, l'Aparthotel Adagio Annecy Centre propose des studios et des appartements munis d'une connexion Wi-Fi gratuite, dans le centre...",45.903201977941485,6.122673153877258,8.3,966.0,EUR,"Recommandé pour votre groupe
Appartement pour 6 Personnes, avec Balcon et 2 Chambres
Appartement entier • 2 chambres • 1 salon • 2 salles de bains • 55 m²
5 lits (2 lits simples, 1 lit double, 2 canapés-lits)
Annulation gratuite
Aucun prépaiement requis – Payez sur place",Annecy,-4651.7
Chateau du Haut Koenigsbourg,0.605,2026-09-27,2026-09-30,0.0,21.905,44.9375,2,0,2.34,1,Chateau_du_Haut_Koenigsbourg,Chateau+du+Haut+Koenigsbourg,48.249382,7.3439412,chateau-du-haut-koenigsbourg-4825-734,"Hôtel Val-Vignes Colmar Haut-Koenigsbourg, The Originals Relais",https://www.booking.com/hotel/fr/val-vignes.fr.html,"23, chemin du Wall, 68590 Saint-Hippolyte, France, 68590 23, chemin du Wall, France","L'Hôtel Val-Vignes Colmar Haut-Koenigsbourg, The Originals Relais est situé à Saint-Hippolyte, sur la route des vins d'Alsace, à 12 minutes de route du...",48.23481955207035,7.367786765098572,8.5,1103.0,EUR,"Recommandé pour votre groupe
1×
Chambre Double ou Lits Jumeaux Premium
Types de lits : 1 lit double ou 2 lits simples
Aucun prépaiement requis – Payez sur place
1×
Chambre Familiale
Plusieurs types de lits
Séjour gratuit pour 2 de vos enfants
Petit-déjeuner compris
Aucun prépaiement requis – Payez sur place",Saint-Hippolyte,-6021.5
Grenoble,0.6100000000000001,2026-09-27,2026-09-30,0.0,25.2125,35.9375,3,0,2.97,1,Grenoble,Grenoble,45.1875602,5.7357819,grenoble-4519-574,Novotel Grenoble Centre,https://www.booking.com/hotel/fr/grenoble-centre.fr.html,"7 Place Robert Schuman, 38000 Grenoble, France, 38000 7 Place Robert Schuman, France","Le Novotel Grenoble Centre est installé au cœur du quartier des affaires de Grenoble, à seulement quelques pas de la gare TGV.",45.1906950021105,5.712595582008362,8.0,1298.0,EUR,"Recommandé pour votre groupe
1×
Chambre Double Exécutive avec Canapé-Lit
1 grand lit double
Annulation gratuite
Aucun prépaiement requis – Payez sur place
1×
Suite avec 1 Lit Double et 1 Canapé-Lit
Suite privée • 35 m²
2 lits (1 canapé-lit, 1 grand lit double)
Annulation gratuite
Aucun prépaiement requis – Payez sur place",Grenoble,-7972.0
Annecy,0.6,2026-09-27,2026-09-30,0.0,21.556874999999998,49.9375,2,0,1.73,1,Annecy,Annecy,45.8992348,6.1288847,annecy-4590-613,Le Pélican,https://www.booking.com/hotel/fr/le-pelican-annecy1.fr.html,"20 Rue des Marquisats, 74000 Annecy, France, 74000 20 Rue des Marquisats, France","L’établissement Le Pélican vous accueille à Annecy, à 400 mètres de ce lieu d’intérêt : Palais de l'Ile.",45.897015,6.131543,8.8,3051.0,EUR,"Recommandé pour votre groupe
1×
Chambre Double ou Lits Jumeaux Classique
1 grand lit double
Aucun prépaiement requis – Payez sur place
1×
Mezzanine
2 grands lits doubles
Aucun prépaiement requis – Payez sur place",Annecy,-25501.2
Aigues Mortes,0.3975,2026-09-27,2026-09-30,11.219999999999999,23.64875,70.75,2,8,6.07,0,Aigues_Mortes,Aigues+Mortes,43.5661521,4.19154,aigues-mortes-4357-419,,,,,,,,,,,,
Aix en Provence,0.56,2026-09-27,2026-09-30,0.0,25.108125,47.75,3,0,5.86,0,Aix_en_Provence,Aix+en+Provence,43.5298424,5.4474738,aix-en-provence-4353-545,,,,,,,,,,,,
Amiens,0.41000000000000003,2026-09-27,2026-09-30,3.9800000000000004,22.179375,65.8125,1,3,5.45,0,Amiens,Amiens,49.8941708,2.2956951,amiens-4989-230,,,,,,,,,,,,
Ariege,0.54,2026-09-27,2026-09-30,0.18,23.89125,50.625,2,1,4.27,0,Ariege,Ariege,42.9455368,1.4065544,ariege-4295-141,,,,,,,,,,,,
Avignon,0.515,2026-09-27,2026-09-30,0.6,25.329375000000002,49.5625,3,2,5.72,0,Avignon,Avignon,43.9492493,4.8059012,avignon-4395-481,,,,,,,,,,,,
Bayeux,0.3625,2026-09-27,2026-09-30,12.559999999999999,20.377499999999998,77.125,1,6,6.32,0,Bayeux,Bayeux,49.2764624,-0.7024738,bayeux-4928-m070,,,,,,,,,,,,
Bayonne,0.4225,2026-09-27,2026-09-30,1.56,23.285,73.1875,0,3,5.6,0,Bayonne,Bayonne,43.4945144,-1.4736657,bayonne-4349-m147,,,,,,,,,,,,
Besancon,0.5525,2026-09-27,2026-09-30,0.0,25.454375,40.25,1,0,4.21,0,Besancon,Besancon,47.2380222,6.0243622,besancon-4724-602,,,,,,,,,,,,
Biarritz,0.4175,2026-09-27,2026-09-30,2.16,22.7075,76.75,0,3,7.15,0,Biarritz,Biarritz,43.4832523,-1.5592776,biarritz-4348-m156,,,,,,,,,,,,
Bormes les Mimosas,0.5775,2026-09-27,2026-09-30,0.0,23.7025,57.8125,4,0,4.71,0,Bormes_les_Mimosas,Bormes+les+Mimosas,43.1506968,6.3419285,bormes-les-mimosas-4315-634,,,,,,,,,,,,
Carcassonne,0.325,2026-09-27,2026-09-30,3.55,21.93,76.875,0,8,10.2,0,Carcassonne,Carcassonne,43.2130358,2.3491069,carcassonne-4321-235,,,,,,,,,,,,
Cassis,0.5675,2026-09-27,2026-09-30,0.0,24.911875000000002,54.5625,4,0,5.55,0,Cassis,Cassis,43.2140359,5.5396318,cassis-4321-554,,,,,,,,,,,,
Collioure,0.38,2026-09-27,2026-09-30,1.91,23.9425,71.875,0,5,6.79,0,Collioure,Collioure,42.52505,3.0831554,collioure-4253-308,,,,,,,,,,,,
Dijon,0.5375,2026-09-27,2026-09-30,0.0,23.386875,50.8125,1,0,4.64,0,Dijon,Dijon,47.3215806,5.0414701,dijon-4732-504,,,,,,,,,,,,
Issoudun,0.4375,2026-09-27,2026-09-30,2.8200000000000003,24.5975,52.5625,0,4,4.71,0,Issoudun,Issoudun,46.947766,1.9882811,issoudun-4695-199,,,,,,,,,,,,
La Rochelle,0.465,2026-09-27,2026-09-30,1.8399999999999999,22.065624999999997,74.3125,2,2,6.41,0,La_Rochelle,La+Rochelle,46.159732,-1.1515951,la-rochelle-4616-m115,,,,,,,,,,,,
Le Havre,0.3375,2026-09-27,2026-09-30,20.58,19.978749999999998,79.375,2,6,6.31,0,Le_Havre,Le+Havre,49.4938975,0.1079732,le-havre-4949-011,,,,,,,,,,,,
Lille,0.4475,2026-09-27,2026-09-30,2.23,22.31625,63.625,1,3,4.42,0,Lille,Lille,50.6365654,3.0635282,lille-5064-306,,,,,,,,,,,,
Lyon,0.5425,2026-09-27,2026-09-30,0.0,24.6825,43.625,2,0,6.93,0,Lyon,Lyon,45.7578137,4.8320114,lyon-4576-483,,,,,,,,,,,,
Marseille,0.5449999999999999,2026-09-27,2026-09-30,0.0,24.9175,53.875,3,0,5.81,0,Marseille,Marseille,43.2963986,5.3777888,marseille-4330-538,,,,,,,,,,,,
Mont Saint Michel,0.39749999999999996,2026-09-27,2026-09-30,9.33,21.05125,71.5625,2,6,6.92,0,Mont_Saint_Michel,Mont+Saint+Michel,48.6359541,-1.51146,mont-saint-michel-4864-m151,,,,,,,,,,,,
Montauban,0.48,2026-09-27,2026-09-30,0.3,26.93875,50.25,1,2,5.46,0,Montauban,Montauban,44.0175835,1.3549991,montauban-4402-135,,,,,,,,,,,,
Nimes,0.4375,2026-09-27,2026-09-30,7.08,24.163125,62.5625,2,7,5.38,0,Nimes,Nimes,43.8374249,4.3600687,nimes-4384-436,,,,,,,,,,,,
Paris,0.4475,2026-09-27,2026-09-30,4.31,23.671875,56.5625,2,4,4.35,0,Paris,Paris,48.8534951,2.3483915,paris-4885-235,,,,,,,,,,,,
Rouen,0.4,2026-09-27,2026-09-30,15.969999999999999,21.415625,73.6875,2,6,4.89,0,Rouen,Rouen,49.4404591,1.0939658,rouen-4944-109,,,,,,,,,,,,
Saintes Maries de la mer,0.40249999999999997,2026-09-27,2026-09-30,5.64,24.015625,69.5,3,7,8.2,0,Saintes_Maries_de_la_mer,Saintes+Maries+de+la+mer,43.4515922,4.4277202,saintes-maries-de-la-mer-4345-443,,,,,,,,,,,,
St Malo,0.395,2026-09-27,2026-09-30,13.87,20.425625,75.4375,2,6,7.66,0,St_Malo,St+Malo,48.649518,-2.0260409,st-malo-4865-m203,,,,,,,,,,,,
Strasbourg,0.5800000000000001,2026-09-27,2026-09-30,0.0,23.779375,47.25,2,0,2.29,0,Strasbourg,Strasbourg,48.584614,7.7507127,strasbourg-4858-775,,,,,,,,,,,,
Toulouse,0.4625,2026-09-27,2026-09-30,0.12,26.289375,53.75,1,1,5.8,0,Toulouse,Toulouse,43.6044638,1.4442433,toulouse-4360-144,,,,,,,,,,,,
Uzes,0.4325,2026-09-27,2026-09-30,8.91,23.835625,59.75,1,4,5.01,0,Uzes,Uzes,44.0121279,4.4196718,uzes-4401-442,,,,,,,,,,,,
Voiron,0.5875,2026-09-27,2026-09-30,0.0,21.891875,54.0,3,0,3.76,1,Voiron,Voiron,45.3631386,5.5910751,voiron-4536-559,Basile – T3 climatisé tout équipé • 6 pers • Centre de Voiron • Proche gare,https://www.booking.com/hotel/fr/basile-t3-climatise-tout-equipe-6-pers-centre-de-voiron-proche-gare.fr.html,"4 place de la bascule, 38500 Voiron, France, 38500 4 place de la bascule, France","L’hébergement Basile – T3 climatisé tout équipé • 6 pers • Centre de Voiron • Proche gare se trouve à Voiron, à respectivement 25 km et 26 km de ces lieux...",45.365813,5.594585,,311.0,EUR,"Recommandé pour votre groupe
Appartement 2 Chambres
Appartement entier • 60 m²
3 lits doubles",Voiron,
