city,avg_comfort_score,checkin_date,checkout_date,rain_sum,temp,humidity,clear_slots,rain_slots,wind_speed_max,selected,city_name_,city_plus,city_lat,city_lon,city_id
Paris,0.6359999999999999,2026-10-02,2026-10-06,0.0,18.310499999999998,63.8,9,0,2.28,1,Paris,Paris,48.8534951,2.3483915,paris-4885-235
Besancon,0.63,2026-10-02,2026-10-06,3.31,20.497,68.4,6,1,4.04,1,Besancon,Besancon,47.2380222,6.0243622,besancon-4724-602
Dijon,0.596,2026-10-02,2026-10-06,0.42000000000000004,19.154500000000002,69.95,7,2,3.13,1,Dijon,Dijon,47.3215806,5.0414701,dijon-4732-504
Issoudun,0.5940000000000001,2026-10-02,2026-10-06,0.0,20.663999999999998,58.05,5,0,4.48,1,Issoudun,Issoudun,46.947766,1.9882811,issoudun-4695-199
La Rochelle,0.594,2026-10-02,2026-10-06,0.0,21.2705,63.9,6,0,5.75,1,La_Rochelle,La+Rochelle,46.159732,-1.1515951,la-rochelle-4616-m115
Amiens,0.5820000000000001,2026-10-02,2026-10-06,0.0,16.3965,73.25,5,0,1.9,0,Amiens,Amiens,49.8941708,2.2956951,amiens-4989-230
Rouen,0.5740000000000001,2026-10-02,2026-10-06,0.0,17.474,72.75,7,0,2.56,0,Rouen,Rouen,49.4404591,1.0939658,rouen-4944-109
Colmar,0.5640000000000001,2026-10-02,2026-10-06,1.19,18.171499999999998,77.05,5,2,2.87,0,Colmar,Colmar,48.0777517,7.3579641,colmar-4808-736
Chateau du Haut Koenigsbourg,0.5599999999999999,2026-10-02,2026-10-06,0.4,16.063499999999998,75.0,6,2,2.82,0,Chateau_du_Haut_Koenigsbourg,Chateau+du+Haut+Koenigsbourg,48.249382,7.3439412,chateau-du-haut-koenigsbourg-4825-734
Gorges du Verdon,0.546,2026-10-02,2026-10-06,0.25,19.333,47.35,1,2,3.85,0,Gorges_du_Verdon,Gorges+du+Verdon,43.7496562,6.3285616,gorges-du-verdon-4375-633
Mont Saint Michel,0.544,2026-10-02,2026-10-06,3.66,17.7925,74.55,8,1,3.84,0,Mont_Saint_Michel,Mont+Saint+Michel,48.6359541,-1.51146,mont-saint-michel-4864-m151
Eguisheim,0.5439999999999999,2026-10-02,2026-10-06,2.2800000000000002,17.756999999999998,78.15,5,3,2.91,0,Eguisheim,Eguisheim,48.0447968,7.3079618,eguisheim-4804-731
Bayeux,0.5279999999999999,2026-10-02,2026-10-06,0.0,16.9705,77.25,6,0,3.4,0,Bayeux,Bayeux,49.2764624,-0.7024738,bayeux-4928-m070
Avignon,0.526,2026-10-02,2026-10-06,12.49,22.020999999999997,70.3,2,2,4.19,0,Avignon,Avignon,43.9492493,4.8059012,avignon-4395-481
Le Havre,0.526,2026-10-02,2026-10-06,0.0,16.8,78.85,6,0,4.89,0,Le_Havre,Le+Havre,49.4938975,0.1079732,le-havre-4949-011
Strasbourg,0.522,2026-10-02,2026-10-06,0.18,18.1115,75.4,4,1,2.89,0,Strasbourg,Strasbourg,48.584614,7.7507127,strasbourg-4858-775
Bormes les Mimosas,0.514,2026-10-02,2026-10-06,0.16,23.276,51.65,0,1,4.11,0,Bormes_les_Mimosas,Bormes+les+Mimosas,43.1506968,6.3419285,bormes-les-mimosas-4315-634
St Malo,0.504,2026-10-02,2026-10-06,4.02,17.333499999999997,79.8,7,1,4.93,0,St_Malo,St+Malo,48.649518,-2.0260409,st-malo-4865-m203
Annecy,0.504,2026-10-02,2026-10-06,0.55,18.834,73.4,3,3,1.62,0,Annecy,Annecy,45.8992348,6.1288847,annecy-4590-613
Lille,0.47800000000000004,2026-10-02,2026-10-06,0.0,15.8225,77.85,2,0,1.39,0,Lille,Lille,50.6365654,3.0635282,lille-5064-306
Aix en Provence,0.476,2026-10-02,2026-10-06,5.83,22.4985,58.2,0,3,3.45,0,Aix_en_Provence,Aix+en+Provence,43.5298424,5.4474738,aix-en-provence-4353-545
Voiron,0.476,2026-10-02,2026-10-06,6.24,19.7415,76.55,3,3,1.67,0,Voiron,Voiron,45.3631386,5.5910751,voiron-4536-559
Montauban,0.46799999999999997,2026-10-02,2026-10-06,5.25,22.3315,65.7,0,4,2.94,0,Montauban,Montauban,44.0175835,1.3549991,montauban-4402-135
Lyon,0.462,2026-10-02,2026-10-06,6.84,19.484,76.4,2,5,2.43,0,Lyon,Lyon,45.7578137,4.8320114,lyon-4576-483
Toulouse,0.45999999999999996,2026-10-02,2026-10-06,6.47,22.434,64.8,0,2,3.77,0,Toulouse,Toulouse,43.6044638,1.4442433,toulouse-4360-144
Uzes,0.446,2026-10-02,2026-10-06,15.549999999999999,21.7085,72.2,0,3,4.66,0,Uzes,Uzes,44.0121279,4.4196718,uzes-4401-442
Nimes,0.44399999999999995,2026-10-02,2026-10-06,12.27,21.829500000000003,74.7,0,4,3.93,0,Nimes,Nimes,43.8374249,4.3600687,nimes-4384-436
Collioure,0.44000000000000006,2026-10-02,2026-10-06,3.51,21.435,78.85,0,4,5.36,0,Collioure,Collioure,42.52505,3.0831554,collioure-4253-308
Cassis,0.43800000000000006,2026-10-02,2026-10-06,7.92,22.7665,62.55,0,6,3.09,0,Cassis,Cassis,43.2140359,5.5396318,cassis-4321-554
Marseille,0.434,2026-10-02,2026-10-06,21.39,22.496000000000002,65.3,0,6,4.09,0,Marseille,Marseille,43.2963986,5.3777888,marseille-4330-538
Saintes Maries de la mer,0.43,2026-10-02,2026-10-06,18.83,22.037,77.9,0,4,3.96,0,Saintes_Maries_de_la_mer,Saintes+Maries+de+la+mer,43.4515922,4.4277202,saintes-maries-de-la-mer-4345-443
Aigues Mortes,0.42800000000000005,2026-10-02,2026-10-06,10.46,21.767000000000003,78.3,0,5,3.91,0,Aigues_Mortes,Aigues+Mortes,43.5661521,4.19154,aigues-mortes-4357-419
Biarritz,0.41200000000000003,2026-10-02,2026-10-06,1.8900000000000001,20.808,81.3,0,2,5.29,0,Biarritz,Biarritz,43.4832523,-1.5592776,biarritz-4348-m156
Bayonne,0.41200000000000003,2026-10-02,2026-10-06,4.2299999999999995,21.4015,80.45,0,3,4.45,0,Bayonne,Bayonne,43.4945144,-1.4736657,bayonne-4349-m147
Grenoble,0.406,2026-10-02,2026-10-06,10.11,20.6585,73.8,1,6,1.32,0,Grenoble,Grenoble,45.1875602,5.7357819,grenoble-4519-574
Carcassonne,0.4,2026-10-02,2026-10-06,0.93,20.927,73.05,0,3,7.51,0,Carcassonne,Carcassonne,43.2130358,2.3491069,carcassonne-4321-235
Ariege,0.388,2026-10-02,2026-10-06,7.77,18.8005,68.35,0,7,2.84,0,Ariege,Ariege,42.9455368,1.4065544,ariege-4295-141
